word_original,word_translation,blank_prompt_original,blank_prompt_translation,blank_prompt_translation_masked
last,derniers,"The given expression is the expansion of $(nine+1)^3$. In general, the cube of $(x+y)^3$ is \[(x+y)^3=1x^3+3x^2y+3xy^2+1y^3.\] The first and ""last"" terms in the given expression are cubes and the middle two terms both have coefficient 3, giving us a clue that this is a cube of a binomial and can be written in the form \[(x+y)^3\]In this case, $x=9$ and $y=1$, so our answer is\[(9+1)^3\ = 10^3 = \boxed{1000}\]. Answer: ""last"".","L'expression donnée est l'expansion de $(neuf+1)^3$. En général, le cube de $(x+y)^3$ est \[(x+y)^3=1x^3+3x^2y+3xy^2+1y^3.\] Les premiers et les ""derniers"" termes de l'expression donnée sont des cubes et les deux termes du milieu ont le coefficient 3, ce qui nous donne un ""indice"" qu'il s'agit d'un cube d'un binomial et peut être écrit sous la forme \[(x+y)^3\]Dans ce cas, $x=9$ et $y=1$, de sorte que notre réponse est\[(9+1)^3\ = 10^3 = \boxed{1000}\]. Réponse: ""dernier"".","L'expression donnée est l'expansion de $(neuf+1)^3$. En général, le cube de $(x+y)^3$ est \[(x+y)^3=1x^3+3x^2y+3xy^2+1y^3.\] Les premiers et les ""___"" termes de l'expression donnée sont des cubes et les deux termes du milieu ont le coefficient 3, ce qui nous donne un ""indice"" qu'il s'agit d'un cube d'un binomial et peut être écrit sous la forme \[(x+y)^3\]Dans ce cas, $x=9$ et $y=1$, de sorte que notre réponse est\[(9+1)^3\ = 10^3 = \boxed{1000}\]. Réponse: ""dernier""."
yellow,jaunes,"There are two cases here: either Tom chooses two ""yellow"" marbles (1 result), or he chooses two marbles of different colors ($\binom{4}{two}=6$ results). The total number of distinct pairs of marbles Tom can choose is $1+6=\boxed{7}$. Answer: ""yellow"".","Il y a deux cas ici : soit Tom choisit deux marbres ""jaunes"" (1 résultat), soit il choisit deux marbres de couleurs différentes ($\binom{4}{deux}=6$ résultats). Le nombre total de paires distinctes de marbres que Tom peut choisir est $1+6=\boxed{7}$. Réponse: ""jaunes"".","Il y a deux cas ici : soit Tom choisit deux marbres ""___"" (1 résultat), soit il choisit deux marbres de couleurs différentes ($\binom{4}{deux}=6$ résultats). Le nombre total de paires distinctes de marbres que Tom peut choisir est $1+6=\boxed{7}$. Réponse: ""jaunes""."
dogs,chiens,"Let's first look at the four things the question tells us: First, the number of ""dogs"" is $x+y+z+10=\frac{32}{2}$, so $x+y+z=6.$ The number of cats is $w + x+ z +9= 32\times\frac{3}{eight}$, so $w + x + z= 3$ Since 6 people have other pets, $w+y+z=4.$ The total number of people with pets is $$w+x+y+z+2+9+10=32-5,$$ so $w+x+y+z=6.$ From here, we can subtract the third equation from the fourth, to find that $x=2$. Plugging that into the first equation, we find $y+z=4$. From the third equation, we can then see, $w=0$. Finally, from the second equation, we find $z=1$. Thus, there is $\boxed{1}$ student with cats, dogs, and other pets. Answer: ""dogs"".","Examinons d'abord les quatre choses que nous dit la question : D'abord, le nombre de ""chiens"" est $x+y+z+10=\frac{32}{2}$, donc $x+y+z=6.$ Le nombre de chats est $w + x+ z +9= 32\times\frac{3}{huit}$, donc $w + x + z= 3$ Depuis 6 personnes ont d'autres animaux, $w+y+z=4.$ Le nombre total de personnes avec des animaux de compagnie est $$w+x+y+z+2+9+10=32-5,$$$ donc $w+x+y+z=6.$ D'ici, nous pouvons soustraire la troisième équation de la quatrième, pour découvrir que $x=2$. Réponse: ""chiens"".","Examinons d'abord les quatre choses que nous dit la question : D'abord, le nombre de ""___"" est $x+y+z+10=\frac{32}{2}$, donc $x+y+z=6.$ Le nombre de chats est $w + x+ z +9= 32\times\frac{3}{huit}$, donc $w + x + z= 3$ Depuis 6 personnes ont d'autres animaux, $w+y+z=4.$ Le nombre total de personnes avec des animaux de compagnie est $$w+x+y+z+2+9+10=32-5,$$$ donc $w+x+y+z=6.$ D'ici, nous pouvons soustraire la troisième équation de la quatrième, pour découvrir que $x=2$. Réponse: ""chiens""."
each,chacun,"By the binomial theorem, $(m+n)^6$ expands as \begin{align*} \binom60m^6+\binom61m^5n&+\binom62m^4n^2+\binom63m^3n^three\\ &+\binom64m^2n^4+\binom65mn^5+\binom66n^6. \end{align*} Since $m$ and $n$ are odd, ""each"" of these terms is odd if and only if the binomial coefficient is odd. Since $\binom60=\binom66=1$, $\binom61=\binom65=6$, $\binom62=\binom64=15$, and $\binom63=20$, exactly $\boxed{4}$ of these terms are odd. Answer: ""each"".","Par le théorème binomial, $(m+n)^6$ se développe sous la forme de \begin{align*} \binom60m^6+\binom61m^5n&+\binom62m^4n^2+\binom63m^3n^trois\\ &+\binom64m^2n^4+\binom65mn^5+\binom66n^6. \end{align*} Comme $m$ et $n$ sont impairs, ""chacun"" de ces termes est impair si et ""seulement"" si le coefficient binomial est impair. Depuis $\binom60=\binom66=$, $\binom61=\binom65=6$, $\binom62=\binom64=15$, et $\binom63=20$, exactement $\boxed{4}$ de ces termes sont impairs. Réponse: ""chacun"".","Par le théorème binomial, $(m+n)^6$ se développe sous la forme de \begin{align*} \binom60m^6+\binom61m^5n&+\binom62m^4n^2+\binom63m^3n^trois\\ &+\binom64m^2n^4+\binom65mn^5+\binom66n^6. \end{align*} Comme $m$ et $n$ sont impairs, ""___"" de ces termes est impair si et seulement si le coefficient binomial est impair. Depuis $\binom60=\binom66=$, $\binom61=\binom65=6$, $\binom62=\binom64=15$, et $\binom63=20$, exactement $\boxed{4}$ de ces termes sont impairs. Réponse: ""chacun""."
subtract,soustraitons,"We can find the probability that no women are selected and subtract it from 1 to find the probability that at least one woman is selected. To find the probability that only men are selected, we consider that the chance that the first person selected is male is $\frac{7}{ten}$. Then the probability that the second person selected is male is reduced to $\frac{6}{9}=\frac{2}{3}$. For the third person, the probability is $\frac{5}{8}$. So the probability that only men are selected is $$\frac{7}{10}\cdot\frac{2}{3}\cdot\frac{5}{8}=\frac{7}{24}.$$ Notice that the 2 and 5 in the numerator cancel with the 10 in the denominator to leave $\frac{7}{24}$. Now we ""subtract"" from 1 to find the probability that at least one woman is selected. The probability is $1-\frac{7}{24}=\boxed{\frac{17}{24}}$. Answer: ""subtract"".","Nous pouvons trouver la probabilité qu'aucune femme ne soit sélectionnée et la soustraire de 1 pour trouver la probabilité qu'au moins une femme soit sélectionnée. Pour trouver la probabilité que seuls les hommes soient sélectionnés, nous considérons que la probabilité que la première personne sélectionnée soit un homme est $\frac{7}{dix}$. Ensuite, la probabilité que la deuxième personne sélectionnée soit un homme est réduite à $\frac{6}{9}=\frac{2}{3}$. Pour la troisième personne, la probabilité est $\frac{5}{8}$. Ainsi, la probabilité que seuls les hommes soient sélectionnés est $$\frac{7}{10}\cdot\frac{2}{3}\cdot\frac{5}{8}=\frac{7}{24}.$ Notez que les 2 et 5 dans le numérateur annulent avec le 10 dans le dénominateur pour laisser $\frac{7}{24}$. Maintenant, nous ""soustraitons"" de 1 pour trouver la probabilité qu'au moins une femme soit sélectionnée. Réponse: ""soustraitons"".","Nous pouvons trouver la probabilité qu'aucune femme ne soit sélectionnée et la soustraire de 1 pour trouver la probabilité qu'au moins une femme soit sélectionnée. Pour trouver la probabilité que seuls les hommes soient sélectionnés, nous considérons que la probabilité que la première personne sélectionnée soit un homme est $\frac{7}{dix}$. Ensuite, la probabilité que la deuxième personne sélectionnée soit un homme est réduite à $\frac{6}{9}=\frac{2}{3}$. Pour la troisième personne, la probabilité est $\frac{5}{8}$. Ainsi, la probabilité que seuls les hommes soient sélectionnés est $$\frac{7}{10}\cdot\frac{2}{3}\cdot\frac{5}{8}=\frac{7}{24}.$ Notez que les 2 et 5 dans le numérateur annulent avec le 10 dans le dénominateur pour laisser $\frac{7}{24}$. Maintenant, nous ""___"" de 1 pour trouver la probabilité qu'au moins une femme soit sélectionnée. Réponse: ""soustraitons""."
purchase,acheter,"Bill cannot purchase seven jogs, because then he would only have one dollar left over and could not ""purchase"" at least one jag and one jig as well. However, Bill can purchase $\boxed{6}$ jogs if, for example, he also purchases 2 jags and 3 jigs. Answer: ""purchase"".","Bill ne peut pas acheter sept joggs, car alors il n'aurait plus qu'un dollar et ne pourrait pas ""acheter"" au moins un jag et un jig aussi. Cependant, Bill peut acheter $\boxed{6}$ joggs si, par exemple, il achète également 2 jags et 3 jigs. Réponse: ""acheter"".","Bill ne peut pas acheter sept joggs, car alors il n'aurait plus qu'un dollar et ne pourrait pas ""___"" au moins un jag et un jig aussi. Cependant, Bill peut acheter $\boxed{6}$ joggs si, par exemple, il achète également 2 jags et 3 jigs. Réponse: ""acheter""."
must,doit,"For the first die to be less than three, it ""must"" be a 1 or a 2, which occurs with probability $\frac{1}{3}$. For the second die to be greater than 3, it must be a 4 or a five or a 6, which occurs with probability $\frac{1}{2}$. The probability of both of these events occuring, as they are independent, is $\frac{1}{3} \cdot \frac{1}{2} = \boxed{\frac{1}{6}}$. Answer: ""must"".","Pour que la première matrice soit inférieure à trois, elle ""doit"" être un 1 ou un 2, qui se produit avec la probabilité $\frac{1}{3}$. Pour que la deuxième matrice soit supérieure à 3, elle doit être un 4 ou un cinq ou un 6, qui se produit avec la probabilité $\frac{1}{2}$. La probabilité de ces deux événements se produisant, comme ils sont indépendants, est $\frac{1}{3} \cdot \frac{1}{2} = \boxed{\frac{1}{6}}$. Réponse: ""doit"".","Pour que la première matrice soit inférieure à trois, elle ""___"" être un 1 ou un 2, qui se produit avec la probabilité $\frac{1}{3}$. Pour que la deuxième matrice soit supérieure à 3, elle doit être un 4 ou un cinq ou un 6, qui se produit avec la probabilité $\frac{1}{2}$. La probabilité de ces deux événements se produisant, comme ils sont indépendants, est $\frac{1}{3} \cdot \frac{1}{2} = \boxed{\frac{1}{6}}$. Réponse: ""doit""."
will,feront,"If the odds for pulling a prize out of the box are $3:4$, that means that 3 out of 7 times will result in a prize, while four out of 7 times ""will"" not. So the probability of not pulling the prize out of the box is $\boxed{\frac{4}{7}}$. Answer: ""will"".","Si les chances pour tirer un prix hors de la boîte sont $3:4$, cela signifie que 3 sur 7 fois se traduira par un prix, tandis que quatre sur 7 fois ne le ""feront"" pas. Donc la probabilité de ne pas tirer le prix hors de la boîte est $\boxed{\frac{4}{7}}$. Réponse: ""feront"".","Si les chances pour tirer un prix hors de la boîte sont $3:4$, cela signifie que 3 sur 7 fois se traduira par un prix, tandis que quatre sur 7 fois ne le ""___"" pas. Donc la probabilité de ne pas tirer le prix hors de la boîte est $\boxed{\frac{4}{7}}$. Réponse: ""feront""."
Among,Parmi,"We are interested in how many numbers among $7, 8, 9, \dots, 59$ are relatively prime to 15. First, we count how many numbers among $one, 2, 3, \dots, 60$ are relatively prime to 15. Note that $15 = 3 \cdot 5$. ""Among"" these 60 numbers, $60/3 = 20$ are multiples of 3, $60/5 = 12$ are multiples of 5, and $60/15 = 4$ are multiples of 15. We can take 60, and subtract 20 and 12, but we have subtracted the multiples of 15 twice. Therefore, among the 60 numbers, there are $60 - 20 - 12 + 4 = 32$ numbers that are relatively prime to 15. Going back to the set $7, 8, 9, \dots, 59$, we must account for the numbers 1, 2, and 4 that are relatively prime to 15. Thus, the answer is $32 - 3 = \boxed{29}$. Answer: ""Among"".","Nous sommes intéressés par le nombre de nombres parmi 7, 8, 9, \dots, 59$ sont relativement prime à 15. Premièrement, nous comptons combien de nombres parmi un, 2, 3, \dots, 60$ sont relativement prime à 15. Notez que 15 $ = 3 \cdot 5$. ""Parmi"" ces 60 nombres, 60/3 $ = 20$ sont multiples de 3, 60/5 $ = 12$ sont multiples de 5, et 60/15 $ = 4$ sont multiples de 15. Nous pouvons prendre 60 $, et soustraire 20 et 12, mais nous avons soustrait les multiples de 15 deux fois. Par conséquent, parmi les 60 nombres, il y a 60 $ - 20 - 12 + 4 = 32$ les nombres qui sont relativement prime à 15. Réponse: ""Parmi"".","Nous sommes intéressés par le nombre de nombres parmi 7, 8, 9, \dots, 59$ sont relativement prime à 15. Premièrement, nous comptons combien de nombres parmi un, 2, 3, \dots, 60$ sont relativement prime à 15. Notez que 15 $ = 3 \cdot 5$. ""___"" ces 60 nombres, 60/3 $ = 20$ sont multiples de 3, 60/5 $ = 12$ sont multiples de 5, et 60/15 $ = 4$ sont multiples de 15. Nous pouvons prendre 60 $, et soustraire 20 et 12, mais nous avons soustrait les multiples de 15 deux fois. Par conséquent, parmi les 60 nombres, il y a 60 $ - 20 - 12 + 4 = 32$ les nombres qui sont relativement prime à 15. Réponse: ""Parmi""."
while,pendant,"We put the time the train arrives on the $y$-axis and the time John arrives on the $x$-axis, and shade in the region where John arrives ""while"" the train is there. [asy] draw((0,0)--(sixty,0)); draw((0,0)--(0,60)--(60,60)--(60,0)); label(""2:00"", (0,0), SW); label(""3:00"", (60,0), S); label(""3:00"", (0,60), W); label(""2:20"",(20,0),S); fill((0,0)--(60,60)--(60,40)--(20,0)--cycle, gray(.7)); [/asy] The probability that John arrives while the train is at the station is the ratio of the shaded area to the whole square. If we divide the axes into 60 units, the shaded region can be split up into a triangle of area $20\cdot 20/2=200$ square units and a parallelogram of area $20\cdot 40=800$ square units, and the whole square has an area of 3600 square units. The ratio is $1000/3600=\boxed{\frac{5}{18}}$. Answer: ""while"".","Nous mettons le temps que le train arrive sur l'axe $y$ et le temps que John arrive sur l'axe $x$, et l'ombre dans la région où John arrive ""pendant"" que le train est là. [asy] tirage((0,0)--(soixante,0)); tirage(0,00)--(0,60)--(60,60)--(60,0)); étiquette(""2:00"", (0,0), SW); étiquette(""3:00"", (60,0), S); étiquette(""3:00"", (0,60), W); étiquette(""2:20"",(20,0), S); remplissage((0,0)--(60,60)--(60,40)--(20,0)-cycle, gris(.7)); [/asy] La probabilité que John arrive alors que le train est à la station est le rapport de la zone ombragée au carré entier. Réponse: ""pendant"".","Nous mettons le temps que le train arrive sur l'axe $y$ et le temps que John arrive sur l'axe $x$, et l'ombre dans la région où John arrive ""___"" que le train est là. [asy] tirage((0,0)--(soixante,0)); tirage(0,00)--(0,60)--(60,60)--(60,0)); étiquette(""2:00"", (0,0), SW); étiquette(""3:00"", (60,0), S); étiquette(""3:00"", (0,60), W); étiquette(""2:20"",(20,0), S); remplissage((0,0)--(60,60)--(60,40)--(20,0)-cycle, gris(.7)); [/asy] La probabilité que John arrive alors que le train est à la station est le rapport de la zone ombragée au carré entier. Réponse: ""pendant""."
worst,pire,"In the ""worst""-case scenario, every possible sum is rolled before the same sum is rolled again. The minimum possible sum rolled is $3 \cdot 1 = 3$, and the maximum is $3 \cdot 6 = eighteen$. Every sum in between those two extremes can be created, since the sums are created through adding three of the digits between one and six. Thus, there are $18 - 2 = 16$ possible sums, so the dice must be rolled $\boxed{17}$ times to ensure that the same sum is rolled twice. Answer: ""worst"".","Dans le ""pire"" des cas, chaque somme possible est roulée avant que la même somme ne soit roulée à nouveau. La somme minimale possible roulée est de 3 $ \cdot 1 = 3$, et le maximum est de 3 $ \cdot 6 = dix-huit$. Chaque somme entre ces deux extrêmes peut être créée, puisque les sommes sont créées en ajoutant trois des chiffres entre un et six. Ainsi, il y a 18 $ - 2 = 16$ des sommes possibles, de sorte que les dés doivent être roulés $\boxed{17}$ fois pour s'assurer que la même somme est roulée deux fois. Réponse: ""pire"".","Dans le ""___"" des cas, chaque somme possible est roulée avant que la même somme ne soit roulée à nouveau. La somme minimale possible roulée est de 3 $ \cdot 1 = 3$, et le maximum est de 3 $ \cdot 6 = dix-huit$. Chaque somme entre ces deux extrêmes peut être créée, puisque les sommes sont créées en ajoutant trois des chiffres entre un et six. Ainsi, il y a 18 $ - 2 = 16$ des sommes possibles, de sorte que les dés doivent être roulés $\boxed{17}$ fois pour s'assurer que la même somme est roulée deux fois. Réponse: ""pire""."
The,La,"""The"" probability is $\dfrac{4}{52} \times \dfrac{4}{51} \times \dfrac{4}{50} = \boxed{\frac{eight}{16575}}$. Answer: ""The"".","""La"" probabilité est $\dfrac{4}{52} \times \dfrac{4}{51} \times \dfrac{4}{50} = \boxed{\frac{huit}{16575}}}$. Réponse: ""La"".","""___"" probabilité est $\dfrac{4}{52} \times \dfrac{4}{51} \times \dfrac{4}{50} = \boxed{\frac{huit}{16575}}}$. Réponse: ""La""."
heads,têtes,"There are $2^{10} = 1024$ possible outcomes of the 10 coin flips. There are $\binom{10}{8}=\binom{10}{two}=45$ ways to get exactly 8 ""heads"", so the probability is $\dfrac{45}{2^{10}}=\boxed{\dfrac{45}{1024}}$. Answer: ""heads"".","Il y a $\binom{10}{8}=\binom{10}{deux}=45$ façons d'obtenir exactement 8 ""têtes"", donc la probabilité est $\dfrac{45}{2^{10}}=\boxed{\dfrac{45}{1024}}$. Réponse: ""têtes"".","Il y a $\binom{10}{8}=\binom{10}{deux}=45$ façons d'obtenir exactement 8 ""___"", donc la probabilité est $\dfrac{45}{2^{10}}=\boxed{\dfrac{45}{1024}}$. Réponse: ""têtes""."
show,montrent,"There are 5 ways in which the first roll is not 1, and 5 ways in which the second roll is not 1, so there are $five \times 5 = 25$ ways in which neither die shows 1. Therefore there are $36-25=11$ ways in which one or both dice ""show"" 1. So the probability of this is $\boxed{\dfrac{11}{36}}$. Answer: ""show"".","Il y a 5 façons dont le premier rouleau n'est pas 1, et 5 façons dont le deuxième rouleau n'est pas 1, donc il y a cinq \times 5 = 25$ façons de ne pas mourir montre 1. Par conséquent, il y a 36-25=11$ façons dont  un ou les deux dés ""montrent"" 1. Donc la probabilité de ceci est $\boxed{\dfrac{11}{36}}$. Réponse: ""montrent"".","Il y a 5 façons dont le premier rouleau n'est pas 1, et 5 façons dont le deuxième rouleau n'est pas 1, donc il y a cinq \times 5 = 25$ façons de ne pas mourir montre 1. Par conséquent, il y a 36-25=11$ façons dont  un ou les deux dés ""___"" 1. Donc la probabilité de ceci est $\boxed{\dfrac{11}{36}}$. Réponse: ""montrent""."
First,d'abord,"""First"", we choose the suits. There are $\binom{4}{3}=4$ ways to do this. Then, we choose one of 13 cards from each of the chosen suits. There are $thirteen^3=2197$ ways to do this. The total number of ways to choose 3 cards of different suits is therefore $4\cdot 2197=\boxed{8788}$. Answer: ""First"".","Tout ""d'abord"", nous choisissons les combinaisons. Il y a $\binom{4}{3}=4$ façons de le faire. Ensuite, nous choisissons l'une des 13 cartes de chacune des combinaisons choisies. Il y a $treize^3=2197$ façons de le faire. Le nombre total de façons de choisir 3 cartes de différentes combinaisons est donc $4\cdot 2197=\boxed{8788}$. Réponse: ""d'abord"".","Tout ""___"", nous choisissons les combinaisons. Il y a $\binom{4}{3}=4$ façons de le faire. Ensuite, nous choisissons l'une des 13 cartes de chacune des combinaisons choisies. Il y a $treize^3=2197$ façons de le faire. Le nombre total de façons de choisir 3 cartes de différentes combinaisons est donc $4\cdot 2197=\boxed{8788}$. Réponse: ""d'abord""."
dice,dés,"Since 9 out of the 12 possible results are one digit numbers, each die will show a one digit number with probability of $\frac{3}{4}$ and a two digit number with probability of $\frac{1}{4}$. The probability that two particular ""dice"" will show 2 two digit numbers and 2 one digit numbers is thus $\left(\frac{1}{4}\right)^2\left(\frac{3}{4}\right)^2$. There are $\binom{4}{2}=six$ ways to select which two dice will show one digit numbers, so we multiply to get the probability that we want: $6\cdot\left(\frac{1}{4}\right)^2\left(\frac{3}{4}\right)^2=\dfrac{54}{256}=\boxed{\dfrac{27}{128}}$. Answer: ""dice"".","Étant donné que 9 des 12 résultats possibles sont des nombres à un chiffre, chaque matrice affichera un nombre à un chiffre avec une probabilité de $\frac{3}{4}$ et un nombre à deux chiffres avec une probabilité de $\frac{1}{4}$. La probabilité que deux ""dés"" particuliers montreront 2 nombres à deux chiffres et 2 nombres à un chiffre est donc $\left(\frac{1}{4}\right)^2\left(\frac{3}{4}\right)^2$. Il y a des façons $\binom{4}{2}=soixante$ de choisir lequel des deux dés affichera un nombre à un chiffre, donc nous multiplions pour obtenir la probabilité que nous voulons: $6\cdot\left(\frac{1}{4}\right)^2\left(\frac{3}{4}\right)^2=\dfrac{54}{256}=\boxed{\dfrac{27}{128}}}}$. Réponse: ""dés"".","Étant donné que 9 des 12 résultats possibles sont des nombres à un chiffre, chaque matrice affichera un nombre à un chiffre avec une probabilité de $\frac{3}{4}$ et un nombre à deux chiffres avec une probabilité de $\frac{1}{4}$. La probabilité que deux ""___"" particuliers montreront 2 nombres à deux chiffres et 2 nombres à un chiffre est donc $\left(\frac{1}{4}\right)^2\left(\frac{3}{4}\right)^2$. Il y a des façons $\binom{4}{2}=soixante$ de choisir lequel des deux dés affichera un nombre à un chiffre, donc nous multiplions pour obtenir la probabilité que nous voulons: $6\cdot\left(\frac{1}{4}\right)^2\left(\frac{3}{4}\right)^2=\dfrac{54}{256}=\boxed{\dfrac{27}{128}}}}$. Réponse: ""dés""."
subtract,soustraire,"We will ""subtract"" the probability that the product is odd from 1 to get the probability that the product is even. In order for the product to be odd, we must have both numbers be odd. There are $2\cdot2=four$ possibilities for this (a 3 or 5 is spun on the left spinner and a 5 or 7 on the right) out of a total of $3\cdot4=12$ possibilities, so the probability that the product is odd is $4/12=1/3$. The probability that the product is even is $1-1/3=\boxed{\frac{2}{3}}$. Answer: ""subtract"".","Nous allons ""soustraire"" la probabilité que le produit est impair de 1 pour obtenir la probabilité que le produit est ""pair"". Pour que le produit soit impair, nous devons avoir les deux nombres être impairs. Il ya $2\cdot2=quatre$ possibilités pour cela (un 3 ou 5 est filé sur le spinner gauche et un 5 ou 7 sur la droite) sur un total de $3\cdot4=12$ possibilités, de sorte que la probabilité que le produit est impair est $4/12=1/3$. La probabilité que le produit est même $1-1/3=\boxed{\frac{2}{3}}}$. Réponse: ""soustraire"".","Nous allons ""___"" la probabilité que le produit est impair de 1 pour obtenir la probabilité que le produit est ""pair"". Pour que le produit soit impair, nous devons avoir les deux nombres être impairs. Il ya $2\cdot2=quatre$ possibilités pour cela (un 3 ou 5 est filé sur le spinner gauche et un 5 ou 7 sur la droite) sur un total de $3\cdot4=12$ possibilités, de sorte que la probabilité que le produit est impair est $4/12=1/3$. La probabilité que le produit est même $1-1/3=\boxed{\frac{2}{3}}}$. Réponse: ""soustraire""."
path,chemin,"We know that we must take a 7 unit ""path"". If we look at the grid a little more carefully, we can see that our path must consist of 4 steps to the right and 3 steps up, and we can take those steps in any order. So in order to specify a path, we must choose 3 of our 7 steps to be `up' (and the other 4 steps will thus be `right'). Hence the number of paths is $$ \binom{7}{3} = \frac{seven \times 6 \times 5}{3 \times 2 \times 1} = \boxed{35}. $$ Answer: ""path"".","Nous savons que nous devons prendre un ""chemin"" de 7 unités. Si nous regardons la grille un peu plus attentivement, nous pouvons voir que notre chemin doit être composé de 4 étapes vers la droite et 3 étapes vers le haut, et nous pouvons prendre ces étapes dans n'importe quel ordre. Donc, pour spécifier un chemin, nous devons choisir 3 de nos 7 étapes pour être `up' (et les 4 autres étapes seront donc `right'). Par conséquent, le nombre de chemins est $$ \binom{7}{3} = \frac{sept \times 6 \times 5}{3 \times 2 \times 1} = \boxed{35}. $$ Réponse: ""chemin"".","Nous savons que nous devons prendre un ""___"" de 7 unités. Si nous regardons la grille un peu plus attentivement, nous pouvons voir que notre chemin doit être composé de 4 étapes vers la droite et 3 étapes vers le haut, et nous pouvons prendre ces étapes dans n'importe quel ordre. Donc, pour spécifier un chemin, nous devons choisir 3 de nos 7 étapes pour être `up' (et les 4 autres étapes seront donc `right'). Par conséquent, le nombre de chemins est $$ \binom{7}{3} = \frac{sept \times 6 \times 5}{3 \times 2 \times 1} = \boxed{35}. $$ Réponse: ""chemin""."
right,droite,"From $E$ to $F$, it is 3 steps to the ""right"" and 1 step down, for a total of $\dbinom{4}{1} = \dfrac{4}{1} = 4$ different paths. From $F$ to $G$, it is 2 steps to the right and 3 steps down, for a total of $\dbinom{5}{2} = \dfrac{5 \times 4}{2 \times 1} = ten$ different paths. So there are $4 \times 10 = \boxed{40}$ paths from $E$ to $G$ that pass through $F$. Answer: ""right"".","De $E$ à $F$, c'est 3 étapes vers la ""droite"" et 1 pas vers le bas, pour un total de $\dbinom{4}{1} = \dfrac{4}{1} = 4$ différents chemins. De $F$ à $G$, c'est 2 étapes vers la droite et 3 pas vers le bas, pour un total de $\dbinom{5}{2} = \dfrac{5 \times 4}{2 \times 1} = dix$ différents chemins. Il y a donc 4 \times 10 = \boxed{40}$ des chemins de $E$ à $G$ qui passent par $F$. Réponse: ""droite"".","De $E$ à $F$, c'est 3 étapes vers la ""___"" et 1 pas vers le bas, pour un total de $\dbinom{4}{1} = \dfrac{4}{1} = 4$ différents chemins. De $F$ à $G$, c'est 2 étapes vers la droite et 3 pas vers le bas, pour un total de $\dbinom{5}{2} = \dfrac{5 \times 4}{2 \times 1} = dix$ différents chemins. Il y a donc 4 \times 10 = \boxed{40}$ des chemins de $E$ à $G$ qui passent par $F$. Réponse: ""droite""."
coin,pièce,"We compute the probability that Mahmoud flips three tails and subtract from 1. The probability that Mahmoud flips one tail with one ""coin"" is $\frac{1}{2}$, so the probability that he flips three tails is $\left(\frac{1}{2}\right)^three = \frac{1}{8}$. The probability that he gets at least one head is $1- \frac{1}{8}= \boxed{\frac{7}{8}}$. Answer: ""coin"".","Nous calculons la probabilité que Mahmoud retourne trois queues et soustrait de 1. La probabilité que Mahmoud retourne une queue avec une ""pièce"" est $\frac{1}{2}$, donc la probabilité qu'il retourne trois queues est $\left(\frac{1}{2}\right)^trois = \frac{1}{8}$. La probabilité qu'il obtient au moins une tête est $1- \frac{1}{8}= \boxed{\frac{7}{8}}}$. Réponse: ""pièce"".","Nous calculons la probabilité que Mahmoud retourne trois queues et soustrait de 1. La probabilité que Mahmoud retourne une queue avec une ""___"" est $\frac{1}{2}$, donc la probabilité qu'il retourne trois queues est $\left(\frac{1}{2}\right)^trois = \frac{1}{8}$. La probabilité qu'il obtient au moins une tête est $1- \frac{1}{8}= \boxed{\frac{7}{8}}}$. Réponse: ""pièce""."